{"<epoch> Train Loss": 3.5368075370788574, "<epoch> Valid Metric": 13.931931931931935, "_timestamp": 1687149813.0610325, "_runtime": 235.96516942977905, "_step": 2, "_wandb": {"runtime": 240}}