{"<epoch> Train Loss": 3.5366272926330566, "<epoch> Valid Metric": 97.58634573586384, "_timestamp": 1687150666.7513485, "_runtime": 779.3230013847351, "_step": 0, "_wandb": {"runtime": 1325}}