{"<epoch> Train Loss": 3.5366272926330566, "<epoch> Valid Metric": 99.0, "_timestamp": 1687152798.8898947, "_runtime": 768.4333696365356, "_step": 0, "_wandb": {"runtime": 790}}